time,stress_max,temp_avg,temp_max
0,0,0,0
1,1243761749.2261,533.72491593985,1949.0829195798
